水厂代码,水厂名称,月份,月供水量
1010800001,三厂,May-26,537
1010100006,亦庄水厂,May-26,770
1010100002,二厂,May-26,27
1010500003,九厂,May-26,4163.0000000000
1010100004,孙河水厂,May-26,99
1010800002,田村,May-26,1013.0000000000
1010100001,一厂,May-26,10
1010100005,郭公庄,May-26,1384.0000000000
1010100003,309水厂,May-26,228
1010600001,四厂,May-26,7
1011000001,十厂,May-26,974
1010500002,八厂,May-26,508
1010600002,七厂,May-26,5
1010500001,五厂,May-26,23
1010600002,七厂,Apr-26,6
1010500001,五厂,Apr-26,29
1011000001,十厂,Apr-26,923
1010500002,八厂,Apr-26,243
1010100001,一厂,Apr-26,9
1010100002,二厂,Apr-26,28
1010500003,九厂,Apr-26,4031.0000000000
1010100003,309水厂,Apr-26,215
1010600001,四厂,Apr-26,6
1010100005,郭公庄,Apr-26,1431.0000000000
1010800001,三厂,Apr-26,523
1010100006,亦庄水厂,Apr-26,707
1010800002,田村,Apr-26,971
1010100004,孙河水厂,Apr-26,95
1010100004,孙河水厂,Mar-26,93
1010800002,田村,Mar-26,975
1010100006,亦庄水厂,Mar-26,716
1010800001,三厂,Mar-26,485
1010100003,309水厂,Mar-26,217
1010100005,郭公庄,Mar-26,1388.0000000000
1010600001,四厂,Mar-26,9
1010600002,七厂,Mar-26,9
1010500001,五厂,Mar-26,16
1010100002,二厂,Mar-26,43
1010500003,九厂,Mar-26,4205.0000000000
1010500002,八厂,Mar-26,234
1011000001,十厂,Mar-26,910
1010100001,一厂,Mar-26,9
1010100001,一厂,Feb-26,7
1011000001,十厂,Feb-26,674
1010500002,八厂,Feb-26,284
1010500003,九厂,Feb-26,2902.0000000000
1010100004,孙河水厂,Feb-26,116
1010800002,田村,Feb-26,852
1010500001,五厂,Feb-26,11
1010600002,七厂,Feb-26,6
1010100002,二厂,Feb-26,25
1010800001,三厂,Feb-26,414
1010100006,亦庄水厂,Feb-26,524
1010600001,四厂,Feb-26,4
1010100005,郭公庄,Feb-26,1098.0000000000
1010100003,309水厂,Feb-26,191
1010600001,四厂,Jan-26,4
1010100005,郭公庄,Jan-26,1369.0000000000
1010100003,309水厂,Jan-26,166
1010100006,亦庄水厂,Jan-26,670
1010800001,三厂,Jan-26,485
1010100002,二厂,Jan-26,33
1010100001,一厂,Jan-26,9
1010100004,孙河水厂,Jan-26,161
1010800002,田村,Jan-26,959
1010500001,五厂,Jan-26,18
1010600002,七厂,Jan-26,5
1010500002,八厂,Jan-26,547
1011000001,十厂,Jan-26,812
1010500003,九厂,Jan-26,3645.0000000000
1010500003,九厂,Dec-25,3748.0000000000
1011000001,十厂,Dec-25,837
1010500002,八厂,Dec-25,508
1010500001,五厂,Dec-25,18
1010600002,七厂,Dec-25,6
1010600001,四厂,Dec-25,6
1010100003,309水厂,Dec-25,222
1010100005,郭公庄,Dec-25,1377.0000000000
1010100001,一厂,Dec-25,9
1010800002,田村,Dec-25,959
1010100004,孙河水厂,Dec-25,166
1010100006,亦庄水厂,Dec-25,663
1010800001,三厂,Dec-25,506
1010100002,二厂,Dec-25,57
1010100002,二厂,Nov-25,53
1010100006,亦庄水厂,Nov-25,649
1010800001,三厂,Nov-25,500
1010100004,孙河水厂,Nov-25,164
1010800002,田村,Nov-25,935
1010500003,九厂,Nov-25,3909.0000000000
1010600001,四厂,Nov-25,8
1010100003,309水厂,Nov-25,213
1010100005,郭公庄,Nov-25,1311.0000000000
1010100001,一厂,Nov-25,9
1010500002,八厂,Nov-25,409
1011000001,十厂,Nov-25,821
1010500001,五厂,Nov-25,12
1010600002,七厂,Nov-25,7
1010500001,五厂,Oct-25,12
1010600002,七厂,Oct-25,6
1010500002,八厂,Oct-25,526
1011000001,十厂,Oct-25,807
1010100001,一厂,Oct-25,8
1010100002,二厂,Oct-25,37
1010500003,九厂,Oct-25,3765.0000000000
1010600001,四厂,Oct-25,7
1010100003,309水厂,Oct-25,204
1010100005,郭公庄,Oct-25,1329.0000000000
1010800001,三厂,Oct-25,571
1010100006,亦庄水厂,Oct-25,635
1010800002,田村,Oct-25,960
1010100004,孙河水厂,Oct-25,157
1010100004,孙河水厂,Sep-25,191
1010800002,田村,Sep-25,973
1010800001,三厂,Sep-25,538
1010100006,亦庄水厂,Sep-25,704
1010100003,309水厂,Sep-25,233
1010600001,四厂,Sep-25,7
1010100005,郭公庄,Sep-25,1332.0000000000
1010600002,七厂,Sep-25,4
1010500001,五厂,Sep-25,9
1010100002,二厂,Sep-25,23
1010500003,九厂,Sep-25,4056.0000000000
1010500002,八厂,Sep-25,884
1011000001,十厂,Sep-25,833
1010100001,一厂,Sep-25,9
1010100001,一厂,Aug-25,9
1010500002,八厂,Aug-25,798
1011000001,十厂,Aug-25,856
1010500003,九厂,Aug-25,4128.0000000000
1010100004,孙河水厂,Aug-25,198
1010800002,田村,Aug-25,1014.0000000000
1010500001,五厂,Aug-25,12
1010600002,七厂,Aug-25,6
1010100002,二厂,Aug-25,19
1010800001,三厂,Aug-25,512
1010100006,亦庄水厂,Aug-25,737
1010600001,四厂,Aug-25,19
1010100005,郭公庄,Aug-25,1379.0000000000
1010100003,309水厂,Aug-25,245
1010600001,四厂,Jul-25,17
1010100005,郭公庄,Jul-25,1396.0000000000
1010100003,309水厂,Jul-25,252
1010100006,亦庄水厂,Jul-25,741
1010800001,三厂,Jul-25,475
1010100002,二厂,Jul-25,14
1010100001,一厂,Jul-25,9
1010100004,孙河水厂,Jul-25,206
1010800002,田村,Jul-25,1045.0000000000
1010500001,五厂,Jul-25,13
1010600002,七厂,Jul-25,8
1011000001,十厂,Jul-25,944
1010500002,八厂,Jul-25,692
1010500003,九厂,Jul-25,4273.0000000000
1010500003,九厂,Jun-25,4225.0000000000
1011000001,十厂,Jun-25,970
1010500002,八厂,Jun-25,840
1010500001,五厂,Jun-25,13
1010600002,七厂,Jun-25,8
1010100003,309水厂,Jun-25,232
1010600001,四厂,Jun-25,24
1010100005,郭公庄,Jun-25,1424.0000000000
1010100001,一厂,Jun-25,10
1010800002,田村,Jun-25,1026.0000000000
1010100004,孙河水厂,Jun-25,187
1010800001,三厂,Jun-25,510
1010100006,亦庄水厂,Jun-25,759
1010100002,二厂,Jun-25,36
1010100002,二厂,May-25,14
1010100006,亦庄水厂,May-25,674
1010800001,三厂,May-25,528
1010100004,孙河水厂,May-25,161
1010800002,田村,May-25,1031.0000000000
1010500003,九厂,May-25,3989.0000000000
1010100005,郭公庄,May-25,1370.0000000000
1010600001,四厂,May-25,18
1010100003,309水厂,May-25,197
1010100001,一厂,May-25,8
1011000001,十厂,May-25,951
1010500002,八厂,May-25,719
1010600002,七厂,May-25,5
1010500001,五厂,May-25,14
1010600002,七厂,Apr-25,6
1010500001,五厂,Apr-25,14
1010500002,八厂,Apr-25,585
1011000001,十厂,Apr-25,960
1010100001,一厂,Apr-25,7
1010100002,二厂,Apr-25,19
1010500003,九厂,Apr-25,4015.0000000000
1010600001,四厂,Apr-25,23
1010100005,郭公庄,Apr-25,1302.0000000000
1010100003,309水厂,Apr-25,187
1010800001,三厂,Apr-25,510
1010100006,亦庄水厂,Apr-25,668
1010800002,田村,Apr-25,985
1010100004,孙河水厂,Apr-25,134
1010100004,孙河水厂,Mar-25,126
1010800002,田村,Mar-25,984
1010100006,亦庄水厂,Mar-25,650
1010800001,三厂,Mar-25,511
1010600001,四厂,Mar-25,31
1010100005,郭公庄,Mar-25,1349.0000000000
1010100003,309水厂,Mar-25,215
1010500001,五厂,Mar-25,13
1010600002,七厂,Mar-25,9
1010100002,二厂,Mar-25,30
1010500003,九厂,Mar-25,3745.0000000000
1010500002,八厂,Mar-25,739
1011000001,十厂,Mar-25,968
1010100001,一厂,Mar-25,9
1010100001,一厂,Feb-25,10
1011000001,十厂,Feb-25,781
1010500002,八厂,Feb-25,258
1010500003,九厂,Feb-25,3140.0000000000
1010800002,田村,Feb-25,851
1010100004,孙河水厂,Feb-25,92
1010600002,七厂,Feb-25,9
1010500001,五厂,Feb-25,11
1010100002,二厂,Feb-25,40
1010800001,三厂,Feb-25,467
1010100006,亦庄水厂,Feb-25,492
1010100005,郭公庄,Feb-25,1103.0000000000
1010100003,309水厂,Feb-25,176
1010600001,四厂,Feb-25,29
1010100003,309水厂,Jan-25,195
1010600001,四厂,Jan-25,31
1010100005,郭公庄,Jan-25,1303.0000000000
1010800001,三厂,Jan-25,560
1010100006,亦庄水厂,Jan-25,552
1010100002,二厂,Jan-25,16
1010100001,一厂,Jan-25,9
1010800002,田村,Jan-25,969
1010100004,孙河水厂,Jan-25,118
1010600002,七厂,Jan-25,9
1010500001,五厂,Jan-25,13
1011000001,十厂,Jan-25,890
1010500002,八厂,Jan-25,584
1010500003,九厂,Jan-25,3219.0000000000
1010500003,九厂,Dec-24,3663.0000000000
1011000001,十厂,Dec-24,956
1010500002,八厂,Dec-24,497
1010600002,七厂,Dec-24,10
1010500001,五厂,Dec-24,15
1010100003,309水厂,Dec-24,203
1010100005,郭公庄,Dec-24,1369.0000000000
1010600001,四厂,Dec-24,34
1010100001,一厂,Dec-24,9
1010100004,孙河水厂,Dec-24,116
1010800002,田村,Dec-24,984
1010100002,二厂,Dec-24,34
1010100006,亦庄水厂,Dec-24,598
1010800001,三厂,Dec-24,578
1010800001,三厂,Nov-24,20
1010100006,亦庄水厂,Nov-24,21
1010100002,二厂,Nov-24,2
1010800002,田村,Mar-24,925
1010800002,田村,Nov-24,33
1010100004,孙河水厂,Nov-24,4
1010800002,田村,Oct-24,1012.0000000000
1010800002,田村,Sep-24,974
1010800002,田村,Aug-24,1044.0000000000
1010800002,田村,Jul-24,1050.0000000000
1010800002,田村,Jun-24,965
1010800002,田村,May-24,911
1010800002,田村,Oct-23,999
1010800002,田村,Nov-23,963
1010800002,田村,Dec-23,980
1010800002,田村,Jan-24,944
1010800002,田村,Feb-24,882
1010800002,田村,Apr-24,827
1010100003,309水厂,Nov-24,8
1011000001,十厂,Sep-23,814
1011000001,十厂,Aug-23,713
1011000001,十厂,Jul-23,708
1011000001,十厂,Jun-23,786
1011000001,十厂,May-23,851
1011000001,十厂,Apr-23,763
1011000001,十厂,Mar-23,775
1011000001,十厂,Feb-23,688
1011000001,十厂,Jan-23,655
1011000001,十厂,Dec-22,718
1011000001,十厂,Nov-22,721
1011000001,十厂,Oct-22,813
1011000001,十厂,Sep-22,846
1011000001,十厂,Aug-22,870
1011000001,十厂,Jul-22,865
1011000001,十厂,Jun-22,840
1011000001,十厂,May-22,882
1011000001,十厂,Apr-22,829
1011000001,十厂,Mar-22,831
1011000001,十厂,Feb-22,667
1011000001,十厂,Jan-22,790
1011000001,十厂,Dec-21,792
1011000001,十厂,Nov-21,828
1011000001,十厂,Oct-21,814
1011000001,十厂,Sep-21,835
1011000001,十厂,Aug-21,811
1011000001,十厂,Jul-21,866
1011000001,十厂,Jun-21,844
1011000001,十厂,May-21,837
1011000001,十厂,Apr-21,785
1011000001,十厂,Mar-21,806
1011000001,十厂,Feb-21,585
1011000001,十厂,Jan-21,790
1011000001,十厂,Dec-20,789
1011000001,十厂,Nov-20,799
1011000001,十厂,Oct-20,727
1011000001,十厂,Sep-20,808
1011000001,十厂,Aug-20,864
1011000001,十厂,Jul-20,853
1010600001,四厂,Nov-24,1
1011000001,十厂,Jan-10,25
1011000001,十厂,May-19,215
1011000001,十厂,Jun-19,584
1011000001,十厂,Jul-19,810
1011000001,十厂,Aug-19,795
1011000001,十厂,Sep-19,737
1011000001,十厂,Oct-19,518
1011000001,十厂,Nov-19,568
1011000001,十厂,Dec-19,644
1011000001,十厂,Jan-20,603
1011000001,十厂,Feb-20,617
1011000001,十厂,Mar-20,701
1011000001,十厂,Apr-20,806
1011000001,十厂,May-20,886
1011000001,十厂,Jun-20,855
1010100005,郭公庄,Nov-24,44
1010500003,九厂,Nov-24,130
1010100001,一厂,Nov-24,0
1011000001,十厂,Aug-24,1111.0000000000
1011000001,十厂,Jul-24,1097.0000000000
1011000001,十厂,Jun-24,1061.0000000000
1011000001,十厂,May-24,1095.0000000000
1011000001,十厂,Apr-24,986
1011000001,十厂,Mar-24,967
1011000001,十厂,Feb-24,799
1011000001,十厂,Jan-24,901
1011000001,十厂,Dec-23,750
1010500002,八厂,Nov-24,15
1011000001,十厂,Nov-23,804
1011000001,十厂,Oct-23,858
1011000001,十厂,Oct-24,929
1011000001,十厂,Nov-24,32
1011000001,十厂,Sep-24,947
1010800002,田村,Aug-23,864
1010800002,田村,Jul-23,998
1010800002,田村,Jun-23,962
1010800002,田村,May-23,995
1010800002,田村,Sep-23,906
1010500001,五厂,Nov-24,0
1010600002,七厂,Nov-24,1
1010600002,七厂,Sep-24,8
1010600002,七厂,Aug-24,7
1010600002,七厂,Jul-24,9
1010600002,七厂,Jun-24,8
1010600002,七厂,May-24,8
1010600002,七厂,Apr-24,11
1010600002,七厂,Mar-24,14
1010600002,七厂,Feb-24,10
1010600002,七厂,Jan-24,12
1010600002,七厂,Dec-23,12
1010600002,七厂,Nov-23,9
1010600002,七厂,Oct-23,8
1010600002,七厂,Oct-24,9
1010100001,一厂,Sep-24,9
1010100001,一厂,Aug-24,9
1010100001,一厂,Jul-24,8
1010100001,一厂,Jun-24,6
1010100001,一厂,May-24,6
1010100001,一厂,Apr-24,7
1010100001,一厂,Mar-24,7
1010100001,一厂,Feb-24,4
1010100001,一厂,Jan-24,6
1010100001,一厂,Dec-23,6
1010100001,一厂,Nov-23,6
1010100001,一厂,Oct-23,6
1010100001,一厂,Sep-23,5
1010100001,一厂,Aug-23,5
1010100001,一厂,Jul-23,4
1010100001,一厂,Jun-23,5
1010100001,一厂,May-23,5
1010100001,一厂,Apr-23,5
1010100001,一厂,Mar-23,6
1010100001,一厂,Feb-23,6
1010100001,一厂,Jan-23,5
1010100001,一厂,Dec-22,6
1010100001,一厂,Nov-22,6
1010100001,一厂,Oct-22,6
1010100001,一厂,Sep-22,5
1010100001,一厂,Aug-22,5
1010100001,一厂,Jul-22,5
1010100001,一厂,Jun-22,5
1010100001,一厂,May-22,6
1010100001,一厂,Apr-22,6
1010100001,一厂,Mar-22,6
1010100001,一厂,Feb-22,5
1010100001,一厂,Jan-22,6
1010100001,一厂,Dec-21,6
1010100001,一厂,Nov-21,6
1010100001,一厂,Oct-21,5
1010100001,一厂,Sep-21,5
1010100001,一厂,Aug-21,5
1010100001,一厂,Jul-21,5
1010100001,一厂,Jun-21,6
1010100001,一厂,May-21,6
1010100001,一厂,Apr-21,5
1010100001,一厂,Mar-21,6
1010100001,一厂,Feb-21,5
1010100001,一厂,Jan-21,6
1010100001,一厂,Dec-20,7
1010100001,一厂,Nov-20,6
1010100001,一厂,Oct-20,6
1010100001,一厂,Sep-20,6
1010100001,一厂,Aug-20,6
1010100001,一厂,Jul-20,6
1010100001,一厂,Jun-20,6
1010100001,一厂,May-20,7
1010100001,一厂,Apr-20,7
1010100001,一厂,Mar-20,7
1010100001,一厂,Feb-20,6
1010100001,一厂,Jan-20,5
1010100001,一厂,Dec-19,7
1010100001,一厂,Nov-19,6
1010100001,一厂,Oct-19,5
1010100001,一厂,Sep-19,6
1010100001,一厂,Aug-19,6
1010100001,一厂,Oct-24,13
1010100002,二厂,Feb-23,18
1010100002,二厂,Mar-23,16
1010100002,二厂,Apr-23,30
1010100002,二厂,May-23,36
1010100002,二厂,Jun-23,51
1010100002,二厂,Jul-23,-67
1010100002,二厂,Aug-23,39
1010100002,二厂,Sep-23,27
1010100002,二厂,Dec-22,14
1010100002,二厂,Nov-22,27
1010100002,二厂,Oct-22,31
1010100002,二厂,Sep-22,47
1010100002,二厂,Aug-22,44
1010100002,二厂,Jul-22,47
1010100002,二厂,Jun-22,41
1010100002,二厂,May-22,44
1010100002,二厂,Apr-22,39
1010100002,二厂,Mar-22,42
1010100002,二厂,Feb-22,30
1010100002,二厂,Jan-22,40
1010100002,二厂,Dec-21,39
1010100002,二厂,Nov-21,36
1010100002,二厂,Oct-21,22
1010100002,二厂,Sep-21,12
1010100002,二厂,Aug-21,13
1010100002,二厂,Jul-21,12
1010100002,二厂,Jun-21,29
1010100002,二厂,May-21,28
1010100002,二厂,Apr-21,21
1010100002,二厂,Mar-21,24
1010100002,二厂,Feb-21,17
1010100002,二厂,Jan-21,22
1010100002,二厂,Dec-20,20
1010100002,二厂,Nov-20,19
1010100002,二厂,Oct-20,19
1010100002,二厂,Sep-20,21
1010100002,二厂,Aug-20,21
1010100002,二厂,Jul-20,23
1010100002,二厂,Jun-20,33
1010100002,二厂,May-20,33
1010100002,二厂,Apr-20,15
1010100002,二厂,Mar-20,13
1010100002,二厂,Feb-20,13
1010100002,二厂,Jan-20,34
1010100002,二厂,Dec-19,41
1010100002,二厂,Nov-19,48
1010100002,二厂,Oct-19,26
1010100002,二厂,Sep-19,66
1010100002,二厂,Aug-19,67
1010100002,二厂,Jul-19,73
1010100002,二厂,Jun-19,73
1010100002,二厂,May-19,73
1010100002,二厂,Apr-19,67
1010100002,二厂,Mar-19,60
1010100002,二厂,Feb-19,21
1010100002,二厂,Jan-19,81
1010100002,二厂,Dec-18,70
1010100002,二厂,Nov-18,20
1010100002,二厂,Jan-10,2
1010100002,二厂,Jan-23,12
1010800001,三厂,Oct-24,612
1010800001,三厂,Sep-24,593
1010800001,三厂,Aug-24,540
1010800001,三厂,Jul-24,593
1010800001,三厂,Jun-24,563
1010800001,三厂,May-24,604
1010800001,三厂,Oct-23,622
1010800001,三厂,Nov-23,488
1010800001,三厂,Dec-23,401
1010800001,三厂,Jan-24,382
1010800001,三厂,Feb-24,382
1010800001,三厂,Mar-24,434
1010800001,三厂,Apr-24,458
1010800002,田村,Apr-19,940
1010800002,田村,May-19,984
1010800002,田村,Jun-19,952
1010800002,田村,Jul-19,992
1010800002,田村,Aug-19,1048.0000000000
1010800002,田村,Sep-19,999
1010800002,田村,Oct-19,956
1010800002,田村,Nov-19,937
1010800002,田村,Dec-19,961
1010800002,田村,Jan-20,932
1010800002,田村,Feb-20,872
1010800002,田村,Mar-20,945
1010800002,田村,Apr-20,958
1010800002,田村,May-20,986
1010800002,田村,Jun-20,948
1010800002,田村,Jul-20,979
1010800002,田村,Aug-20,983
1010800002,田村,Sep-20,943
1010800002,田村,Oct-20,971
1010800002,田村,Nov-20,947
1010800002,田村,Dec-20,996
1010800002,田村,Jan-21,993
1010800002,田村,Feb-21,860
1010800002,田村,Mar-21,956
1010800002,田村,Apr-21,892
1010800002,田村,May-21,981
1010800002,田村,Jun-21,1011.0000000000
1010800002,田村,Jul-21,1046.0000000000
1010800002,田村,Aug-21,943
1010800002,田村,Sep-21,924
1010800002,田村,Oct-21,949
1010800002,田村,Nov-21,934
1010800002,田村,Dec-21,988
1010800002,田村,Jan-22,987
1010800002,田村,Feb-22,889
1010800002,田村,Mar-22,929
1010800002,田村,Apr-22,917
1010800002,田村,May-22,970
1010800002,田村,Jun-22,924
1010800002,田村,Jul-22,1007.0000000000
1010800002,田村,Aug-22,1016.0000000000
1010800002,田村,Sep-22,1014.0000000000
1010800002,田村,Oct-22,1053.0000000000
1010800002,田村,Nov-22,940
1010800002,田村,Dec-22,1013.0000000000
1010800002,田村,Jan-23,993
1010800002,田村,Feb-23,894
1010800002,田村,Mar-23,1004.0000000000
1010800002,田村,Apr-23,962
1010800002,田村,Feb-19,397
1010800002,田村,Jan-19,948
1010800002,田村,Dec-18,825
1010800002,田村,Nov-18,258
1010800002,田村,Jan-10,34
1010800002,田村,Mar-19,970
1010600002,七厂,Aug-23,9
1010600002,七厂,Jul-23,8
1010600002,七厂,Jun-23,13
1010600002,七厂,May-23,12
1010600002,七厂,Apr-23,8
1010600002,七厂,Mar-23,8
1010600002,七厂,Feb-23,7
1010600002,七厂,Jan-23,10
1010600002,七厂,Dec-22,8
1010600002,七厂,Nov-22,13
1010600002,七厂,Oct-22,14
1010600002,七厂,Sep-22,10
1010600002,七厂,Aug-22,12
1010600002,七厂,Jul-22,10
1010600002,七厂,Jun-22,9
1010600002,七厂,May-22,7
1010600002,七厂,Sep-23,5
1010100002,二厂,Sep-24,18
1010100002,二厂,Aug-24,23
1010100002,二厂,Jul-24,26
1010100002,二厂,Jun-24,35
1010100002,二厂,May-24,28
1010100002,二厂,Apr-24,24
1010100002,二厂,Mar-24,24
1010100002,二厂,Feb-24,12
1010100002,二厂,Jan-24,22
1010100002,二厂,Dec-23,24
1010100002,二厂,Nov-23,23
1010100002,二厂,Oct-23,41
1010100002,二厂,Oct-24,58
1010100003,309水厂,Feb-19,54
1010100003,309水厂,Jan-19,123
1010100003,309水厂,Dec-18,93
1010100003,309水厂,Nov-18,35
1010100003,309水厂,Jan-10,7
1010800001,三厂,Sep-23,638
1010800001,三厂,Aug-23,654
1010800001,三厂,Jul-23,630
1010800001,三厂,Jun-23,607
1010800001,三厂,May-23,647
1010800001,三厂,Apr-23,623
1010800001,三厂,Mar-23,645
1010800001,三厂,Feb-23,477
1010800001,三厂,Jan-23,572
1010800001,三厂,Dec-22,580
1010800001,三厂,Nov-22,585
1010800001,三厂,Oct-22,652
1010800001,三厂,Sep-22,631
1010800001,三厂,Aug-22,619
1010800001,三厂,Jul-22,584
1010800001,三厂,Jun-22,584
1010800001,三厂,May-22,747
1010800001,三厂,Apr-22,639
1010800001,三厂,Mar-22,663
1010800001,三厂,Feb-22,611
1010800001,三厂,Jan-22,651
1010800001,三厂,Dec-21,661
1010800001,三厂,Nov-21,594
1010800001,三厂,Oct-21,604
1010800001,三厂,Sep-21,640
1010800001,三厂,Aug-21,617
1010800001,三厂,Jul-21,664
1010800001,三厂,Jun-21,760
1010800001,三厂,May-21,903
1010800001,三厂,Apr-21,687
1010800001,三厂,Mar-21,542
1010800001,三厂,Feb-21,511
1010800001,三厂,Jan-21,621
1010800001,三厂,Dec-20,651
1010800001,三厂,Nov-20,769
1010800001,三厂,Oct-20,801
1010800001,三厂,Sep-20,766
1010800001,三厂,Aug-20,745
1010800001,三厂,Jul-20,722
1010800001,三厂,Jun-20,657
1010800001,三厂,May-20,607
1010800001,三厂,Apr-20,519
1010800001,三厂,Mar-20,577
1010800001,三厂,Feb-20,488
1010800001,三厂,Jan-20,542
1010800001,三厂,Dec-19,578
1010800001,三厂,Nov-19,582
1010800001,三厂,Oct-19,756
1010800001,三厂,Sep-19,913
1010800001,三厂,Aug-19,1014.0000000000
1010800001,三厂,Jul-19,1085.0000000000
1010800001,三厂,Jun-19,1104.0000000000
1010800001,三厂,May-19,1112.0000000000
1010800001,三厂,Apr-19,1059.0000000000
1010800001,三厂,Mar-19,1108.0000000000
1010800001,三厂,Feb-19,386
1010800001,三厂,Jan-19,910
1010800001,三厂,Dec-18,828
1010800001,三厂,Nov-18,310
1010800001,三厂,Jan-10,25
1010100003,309水厂,Mar-19,128
1010500003,九厂,Mar-24,3868.0000000000
1010500003,九厂,Apr-24,3985.0000000000
1010500003,九厂,May-24,4018.0000000000
1010500003,九厂,Jun-24,4027.0000000000
1010500003,九厂,Jul-24,4038.0000000000
1010500003,九厂,Aug-24,3896.0000000000
1010500003,九厂,Sep-24,3597.0000000000
1010500003,九厂,Oct-24,4005.0000000000
1010500003,九厂,Oct-23,3936.0000000000
1010500003,九厂,Nov-23,3793.0000000000
1010500003,九厂,Dec-23,3789.0000000000
1010500003,九厂,Jan-24,3610.0000000000
1010500003,九厂,Feb-24,2825.0000000000
1010600001,四厂,Jan-23,37
1010600001,四厂,Feb-23,32
1010600001,四厂,Mar-23,38
1010600001,四厂,Apr-23,34
1010600001,四厂,May-23,30
1010600001,四厂,Jun-23,37
1010600001,四厂,Jul-23,64
1010600001,四厂,Aug-23,33
1010600001,四厂,Sep-23,28
1010600001,四厂,Jan-10,1
1010600001,四厂,Nov-18,11
1010600001,四厂,Dec-18,32
1010600001,四厂,Jan-19,30
1010600001,四厂,Feb-19,14
1010600001,四厂,Mar-19,41
1010600001,四厂,Apr-19,36
1010600001,四厂,May-19,38
1010600001,四厂,Jun-19,37
1010600001,四厂,Jul-19,36
1010600001,四厂,Nov-22,37
1010600001,四厂,Oct-22,39
1010600001,四厂,Sep-22,29
1010600001,四厂,Aug-22,34
1010600001,四厂,Jul-22,31
1010600001,四厂,Jun-22,28
1010600001,四厂,May-22,32
1010600001,四厂,Apr-22,30
1010600001,四厂,Mar-22,29
1010600001,四厂,Feb-22,18
1010600001,四厂,Jan-22,29
1010600001,四厂,Dec-21,30
1010600001,四厂,Nov-21,32
1010600001,四厂,Oct-21,28
1010600001,四厂,Sep-21,16
1010600001,四厂,Aug-21,14
1010600001,四厂,Jul-21,15
1010600001,四厂,Jun-21,18
1010600001,四厂,May-21,15
1010600001,四厂,Apr-21,9
1010600001,四厂,Mar-21,9
1010600001,四厂,Feb-21,9
1010600001,四厂,Jan-21,8
1010600001,四厂,Dec-20,6
1010600001,四厂,Nov-20,6
1010600001,四厂,Oct-20,15
1010600001,四厂,Sep-20,34
1010600001,四厂,Aug-20,28
1010600001,四厂,Jul-20,30
1010600001,四厂,Jun-20,32
1010600001,四厂,May-20,30
1010600001,四厂,Apr-20,22
1010600001,四厂,Mar-20,24
1010600001,四厂,Feb-20,22
1010600001,四厂,Jan-20,29
1010600001,四厂,Dec-19,32
1010600001,四厂,Nov-19,33
1010600001,四厂,Oct-19,20
1010600001,四厂,Sep-19,36
1010600001,四厂,Aug-19,36
1010100001,一厂,Jul-19,6
1010100001,一厂,Jun-19,6
1010100001,一厂,May-19,7
1010100001,一厂,Apr-19,7
1010100001,一厂,Mar-19,7
1010100001,一厂,Feb-19,3
1010100001,一厂,Jan-19,6
1010100001,一厂,Dec-18,5
1010100001,一厂,Nov-18,1
1010100001,一厂,Jan-10,0
1010600001,四厂,Dec-22,40
1010100006,亦庄水厂,Jun-21,308
1010100006,亦庄水厂,Jul-21,319
1010100006,亦庄水厂,Aug-21,306
1010100006,亦庄水厂,Sep-21,319
1010100006,亦庄水厂,Oct-21,318
1010100006,亦庄水厂,Nov-21,314
1010100006,亦庄水厂,Dec-21,323
1010100006,亦庄水厂,Jan-22,325
1010100006,亦庄水厂,Feb-22,291
1010100006,亦庄水厂,Mar-22,289
1010100006,亦庄水厂,Apr-22,394
1010100006,亦庄水厂,May-22,425
1010100006,亦庄水厂,Jun-22,504
1010100006,亦庄水厂,Jul-22,513
1010100006,亦庄水厂,Aug-22,521
1010100006,亦庄水厂,Sep-22,517
1010100006,亦庄水厂,Oct-22,534
1010100006,亦庄水厂,Nov-22,504
1010100006,亦庄水厂,Dec-22,533
1010100006,亦庄水厂,Jan-23,477
1010100006,亦庄水厂,Feb-23,469
1010100006,亦庄水厂,Mar-23,540
1010100006,亦庄水厂,Apr-23,546
1010100006,亦庄水厂,May-23,636
1010100006,亦庄水厂,Jun-23,662
1010100006,亦庄水厂,Jul-23,654
1010100006,亦庄水厂,Aug-23,704
1010100006,亦庄水厂,Sep-23,586
1010100006,亦庄水厂,May-21,14
1010500001,五厂,Sep-24,15
1010500001,五厂,Aug-24,14
1010500001,五厂,Jul-24,16
1010500001,五厂,Jun-24,12
1010500001,五厂,May-24,11
1010500001,五厂,Apr-24,9
1010500001,五厂,Mar-24,7
1010500001,五厂,Feb-24,6
1010500001,五厂,Jan-24,7
1010500001,五厂,Dec-23,7
1010500001,五厂,Nov-23,7
1010500001,五厂,Oct-23,8
1010500001,五厂,Oct-24,15
1010100006,亦庄水厂,Sep-24,621
1010100006,亦庄水厂,Aug-24,660
1010100006,亦庄水厂,Jul-24,708
1010100006,亦庄水厂,Jun-24,687
1010100006,亦庄水厂,May-24,676
1010100006,亦庄水厂,Apr-24,595
1010100006,亦庄水厂,Mar-24,586
1010100006,亦庄水厂,Feb-24,436
1010100006,亦庄水厂,Jan-24,550
1010100006,亦庄水厂,Dec-23,527
1010100006,亦庄水厂,Nov-23,541
1010100006,亦庄水厂,Oct-23,585
1010100006,亦庄水厂,Oct-24,619
1010500003,九厂,Aug-23,4129.0000000000
1010500003,九厂,Jul-23,3991.0000000000
1010500003,九厂,Jun-23,3981.0000000000
1010500003,九厂,May-23,4182.0000000000
1010500003,九厂,Apr-23,3974.0000000000
1010500003,九厂,Mar-23,3935.0000000000
1010500003,九厂,Feb-23,3134.0000000000
1010500003,九厂,Jan-23,2961.0000000000
1010500003,九厂,Dec-22,3033.0000000000
1010500003,九厂,Nov-22,3296.0000000000
1010500003,九厂,Oct-22,3898.0000000000
1010500003,九厂,Sep-22,4078.0000000000
1010500003,九厂,Aug-22,4010.0000000000
1010500003,九厂,Jul-22,4108.0000000000
1010500003,九厂,Jun-22,4000.0000000000
1010500003,九厂,May-22,3868.0000000000
1010500003,九厂,Apr-22,3815.0000000000
1010500003,九厂,Mar-22,3585.0000000000
1010500003,九厂,Feb-22,2935.0000000000
1010500003,九厂,Jan-22,3527.0000000000
1010500003,九厂,Dec-21,3885.0000000000
1010500003,九厂,Nov-21,3754.0000000000
1010500003,九厂,Oct-21,3743.0000000000
1010500003,九厂,Sep-21,4087.0000000000
1010500003,九厂,Aug-21,3966.0000000000
1010500003,九厂,Jul-21,4281.0000000000
1010500003,九厂,Jun-21,4363.0000000000
1010500003,九厂,May-21,4217.0000000000
1010500003,九厂,Apr-21,4104.0000000000
1010500003,九厂,Mar-21,4144.0000000000
1010500003,九厂,Feb-21,3216.0000000000
1010500003,九厂,Jan-21,4109.0000000000
1010500003,九厂,Dec-20,3991.0000000000
1010500003,九厂,Nov-20,3888.0000000000
1010500003,九厂,Oct-20,3889.0000000000
1010500003,九厂,Sep-20,3965.0000000000
1010500003,九厂,Aug-20,4153.0000000000
1010500003,九厂,Jul-20,4054.0000000000
1010500003,九厂,Jun-20,4302.0000000000
1010500003,九厂,May-20,3712.0000000000
1010500003,九厂,Apr-20,3315.0000000000
1010500003,九厂,Mar-20,3024.0000000000
1010500003,九厂,Feb-20,2515.0000000000
1010500003,九厂,Jan-20,3390.0000000000
1010500003,九厂,Dec-19,3991.0000000000
1010500003,九厂,Nov-19,4052.0000000000
1010500003,九厂,Oct-19,3348.0000000000
1010500003,九厂,Sep-19,4177.0000000000
1010500003,九厂,Aug-19,4275.0000000000
1010500003,九厂,Jul-19,4369.0000000000
1010500003,九厂,Jun-19,4292.0000000000
1010500003,九厂,May-19,4338.0000000000
1010500003,九厂,Apr-19,4160.0000000000
1010500003,九厂,Mar-19,4247.0000000000
1010500003,九厂,Feb-19,1565.0000000000
1010500003,九厂,Jan-19,4045.0000000000
1010500003,九厂,Dec-18,3449.0000000000
1010500003,九厂,Nov-18,1065.0000000000
1010500003,九厂,Jan-10,4
1010500003,九厂,Sep-23,4133.0000000000
1010600002,七厂,Apr-20,5
1010600002,七厂,May-20,5
1010600002,七厂,Jun-20,6
1010600002,七厂,Jul-20,5
1010600002,七厂,Aug-20,6
1010600002,七厂,Sep-20,7
1010600002,七厂,Oct-20,6
1010600002,七厂,Nov-20,13
1010600002,七厂,Dec-20,10
1010600002,七厂,Jan-21,8
1010600002,七厂,Feb-21,8
1010600002,七厂,Mar-21,7
1010600002,七厂,Apr-21,5
1010600002,七厂,May-21,9
1010600002,七厂,Jun-21,7
1010600002,七厂,Jul-21,7
1010600002,七厂,Aug-21,7
1010600002,七厂,Sep-21,6
1010600002,七厂,Oct-21,6
1010600002,七厂,Nov-21,6
1010600002,七厂,Dec-21,8
1010600002,七厂,Jan-22,9
1010600002,七厂,Feb-22,6
1010600002,七厂,Mar-22,8
1010600002,七厂,Apr-22,6
1010600002,七厂,Feb-20,7
1010600002,七厂,Jan-20,9
1010600002,七厂,Dec-19,7
1010600002,七厂,Nov-19,8
1010600002,七厂,Oct-19,6
1010600002,七厂,Sep-19,4
1010600002,七厂,Aug-19,6
1010600002,七厂,Jul-19,5
1010600002,七厂,Jun-19,5
1010600002,七厂,May-19,5
1010600002,七厂,Apr-19,5
1010600002,七厂,Mar-19,8
1010600002,七厂,Feb-19,5
1010600002,七厂,Jan-19,10
1010600002,七厂,Dec-18,6
1010600002,七厂,Nov-18,2
1010600002,七厂,Jan-10,0
1010600002,七厂,Mar-20,8
1010100005,郭公庄,Sep-24,1334.0000000000
1010100005,郭公庄,Aug-24,1428.0000000000
1010100005,郭公庄,Jul-24,1423.0000000000
1010100005,郭公庄,Jun-24,1331.0000000000
1010100005,郭公庄,May-24,1388.0000000000
1010100005,郭公庄,Apr-24,1326.0000000000
1010100005,郭公庄,Mar-24,1253.0000000000
1010600001,四厂,Oct-23,30
1010600001,四厂,Nov-23,25
1010600001,四厂,Dec-23,20
1010600001,四厂,Jan-24,21
1010600001,四厂,Feb-24,20
1010100005,郭公庄,Oct-23,1315.0000000000
1010100005,郭公庄,Nov-23,1285.0000000000
1010100005,郭公庄,Dec-23,1226.0000000000
1010100005,郭公庄,Jan-24,1182.0000000000
1010100005,郭公庄,Feb-24,1031.0000000000
1010600001,四厂,Oct-24,26
1010600001,四厂,Sep-24,27
1010600001,四厂,Aug-24,33
1010600001,四厂,Jul-24,31
1010600001,四厂,Jun-24,34
1010600001,四厂,May-24,28
1010600001,四厂,Apr-24,29
1010600001,四厂,Mar-24,33
1010100005,郭公庄,Oct-24,1308.0000000000
1010500001,五厂,Nov-18,1
1010500001,五厂,Dec-18,6
1010500001,五厂,Jan-19,10
1010500001,五厂,Feb-19,3
1010500001,五厂,Mar-19,10
1010500001,五厂,Apr-19,8
1010500001,五厂,May-19,9
1010500001,五厂,Jun-19,8
1010500001,五厂,Jul-19,5
1010500001,五厂,Aug-19,6
1010500001,五厂,Sep-19,7
1010500001,五厂,Oct-19,5
1010500001,五厂,Nov-19,6
1010500001,五厂,Dec-19,4
1010500001,五厂,Jan-20,2
1010500001,五厂,Feb-20,2
1010500001,五厂,Mar-20,3
1010500001,五厂,Apr-20,3
1010500001,五厂,May-20,4
1010500001,五厂,Jun-20,5
1010500001,五厂,Jul-20,4
1010500001,五厂,Aug-20,3
1010500001,五厂,Sep-20,4
1010500001,五厂,Oct-20,4
1010500001,五厂,Nov-20,5
1010500001,五厂,Dec-20,4
1010500001,五厂,Jan-21,5
1010500001,五厂,Feb-21,5
1010500001,五厂,Mar-21,6
1010500001,五厂,Apr-21,8
1010500001,五厂,May-21,7
1010500001,五厂,Jun-21,0
1010500001,五厂,Jul-21,0
1010500001,五厂,Aug-21,0
1010500001,五厂,Sep-21,0
1010500001,五厂,Oct-21,0
1010500001,五厂,Nov-21,0
1010500001,五厂,Dec-21,0
1010500001,五厂,Jan-22,0
1010500001,五厂,Feb-22,0
1010500001,五厂,Mar-22,0
1010500001,五厂,Apr-22,0
1010500001,五厂,May-22,1
1010500001,五厂,Jun-22,45
1010500001,五厂,Jul-22,0
1010500001,五厂,Aug-22,0
1010500001,五厂,Sep-22,0
1010500001,五厂,Oct-22,0
1010500001,五厂,Nov-22,0
1010500001,五厂,Dec-22,0
1010500001,五厂,Jan-23,0
1010500001,五厂,Feb-23,0
1010500001,五厂,Mar-23,0
1010500001,五厂,Apr-23,0
1010500001,五厂,May-23,0
1010500001,五厂,Jun-23,0
1010500001,五厂,Jul-23,31
1010500001,五厂,Aug-23,0
1010500001,五厂,Sep-23,3
1010500001,五厂,Jan-10,0
1010500002,八厂,Jun-20,771
1010500002,八厂,Jul-20,719
1010500002,八厂,Aug-20,673
1010500002,八厂,Sep-20,806
1010500002,八厂,Oct-20,731
1010500002,八厂,Nov-20,851
1010500002,八厂,Dec-20,781
1010500002,八厂,Jan-21,631
1010500002,八厂,Feb-21,501
1010500002,八厂,Mar-21,729
1010500002,八厂,Apr-21,764
1010500002,八厂,May-21,804
1010500002,八厂,Jun-21,839
1010500002,八厂,Jul-21,783
1010500002,八厂,Aug-21,745
1010500002,八厂,Sep-21,644
1010500002,八厂,Oct-21,591
1010500002,八厂,Nov-21,624
1010500002,八厂,Dec-21,579
1010500002,八厂,Jan-22,675
1010500002,八厂,Feb-22,563
1010500002,八厂,Mar-22,585
1010500002,八厂,Apr-22,611
1010500002,八厂,May-22,648
1010500002,八厂,Jun-22,649
1010500002,八厂,Jul-22,758
1010500002,八厂,Aug-22,857
1010500002,八厂,Sep-22,1017.0000000000
1010500002,八厂,Oct-22,648
1010500002,八厂,Nov-22,492
1010500002,八厂,Dec-22,804
1010500002,八厂,Jan-23,650
1010500002,八厂,Feb-23,572
1010500002,八厂,Mar-23,794
1010500002,八厂,Apr-23,329
1010500002,八厂,May-23,594
1010500002,八厂,Jun-23,1039.0000000000
1010500002,八厂,Jul-23,1235.0000000000
1010500002,八厂,Aug-23,1189.0000000000
1010500002,八厂,Sep-23,782
1010500002,八厂,Oct-23,844
1010500002,八厂,Jan-10,25
1010500002,八厂,Oct-24,490
1010500002,八厂,Sep-24,935
1010500002,八厂,Aug-24,640
1010500002,八厂,Jul-24,660
1010500002,八厂,Jun-24,874
1010500002,八厂,May-24,823
1010500002,八厂,Apr-24,636
1010500002,八厂,Mar-24,688
1010500002,八厂,Feb-24,551
1010500002,八厂,Jan-24,928
1010500002,八厂,Dec-23,767
1010500002,八厂,Nov-23,580
1010500002,八厂,Nov-18,220
1010500002,八厂,Apr-20,793
1010500002,八厂,Mar-20,840
1010500002,八厂,Feb-20,715
1010500002,八厂,Jan-20,918
1010500002,八厂,Dec-19,1010.0000000000
1010500002,八厂,Nov-19,1017.0000000000
1010500002,八厂,Oct-19,689
1010500002,八厂,Sep-19,805
1010500002,八厂,Aug-19,786
1010500002,八厂,Jul-19,924
1010500002,八厂,Jun-19,1081.0000000000
1010500002,八厂,May-19,1078.0000000000
1010500002,八厂,Apr-19,842
1010500002,八厂,Mar-19,1020.0000000000
1010500002,八厂,Feb-19,438
1010500002,八厂,Jan-19,1093.0000000000
1010500002,八厂,Dec-18,838
1010500002,八厂,May-20,817
1010100003,309水厂,Jun-20,209
1010100003,309水厂,Jul-20,221
1010100003,309水厂,Aug-20,226
1010100003,309水厂,Sep-20,221
1010100003,309水厂,Oct-20,226
1010100003,309水厂,Sep-23,242
1010100003,309水厂,Aug-23,216
1010100003,309水厂,Jul-23,240
1010100003,309水厂,Jun-23,225
1010100003,309水厂,May-23,240
1010100003,309水厂,Apr-23,187
1010100003,309水厂,Mar-23,185
1010100003,309水厂,Feb-23,161
1010100003,309水厂,Jan-23,152
1010100003,309水厂,Dec-22,157
1010100003,309水厂,Nov-22,233
1010100003,309水厂,Oct-22,249
1010100003,309水厂,Sep-22,242
1010100003,309水厂,Aug-22,247
1010100003,309水厂,Jul-22,226
1010100003,309水厂,Jun-22,244
1010100003,309水厂,May-22,246
1010100003,309水厂,Apr-22,215
1010100003,309水厂,Mar-22,190
1010100003,309水厂,Feb-22,168
1010100003,309水厂,Jan-22,205
1010100003,309水厂,Dec-21,195
1010100003,309水厂,Nov-21,239
1010100003,309水厂,Oct-21,240
1010100003,309水厂,Sep-21,240
1010100003,309水厂,Aug-21,228
1010100003,309水厂,Jul-21,240
1010100003,309水厂,Jun-21,222
1010100003,309水厂,May-21,204
1010100003,309水厂,Apr-21,148
1010100003,309水厂,Mar-21,187
1010100003,309水厂,Feb-21,129
1010100003,309水厂,Jan-21,124
1010100003,309水厂,Dec-20,142
1010100003,309水厂,Nov-20,221
1010100003,309水厂,Apr-20,141
1010100003,309水厂,Mar-20,61
1010100003,309水厂,Feb-20,3
1010100003,309水厂,Jan-20,4
1010100003,309水厂,Dec-19,4
1010100003,309水厂,Nov-19,11
1010100003,309水厂,Apr-19,101
1010100003,309水厂,May-19,126
1010100003,309水厂,Jun-19,225
1010100003,309水厂,Jul-19,247
1010100003,309水厂,Aug-19,249
1010100003,309水厂,Sep-19,238
1010100003,309水厂,Oct-19,225
1010100003,309水厂,May-20,108
1010100003,309水厂,Oct-24,235
1010100003,309水厂,Sep-24,244
1010100003,309水厂,Aug-24,265
1010100003,309水厂,Jul-24,261
1010100003,309水厂,Jun-24,239
1010100003,309水厂,May-24,246
1010100003,309水厂,Apr-24,210
1010100003,309水厂,Mar-24,183
1010100003,309水厂,Feb-24,151
1010100003,309水厂,Jan-24,162
1010100003,309水厂,Dec-23,198
1010100003,309水厂,Nov-23,233
1010100003,309水厂,Oct-23,218
1010100004,孙河水厂,Sep-24,120
1010100004,孙河水厂,Aug-24,130
1010100004,孙河水厂,Jul-24,142
1010100004,孙河水厂,Jun-24,142
1010100004,孙河水厂,May-24,134
1010100004,孙河水厂,Apr-24,128
1010100004,孙河水厂,Mar-24,110
1010100004,孙河水厂,Feb-24,86
1010100004,孙河水厂,Jan-24,86
1010100004,孙河水厂,Dec-23,121
1010100004,孙河水厂,Nov-23,117
1010100004,孙河水厂,Oct-23,119
1010100004,孙河水厂,Oct-24,130
1010100004,孙河水厂,Aug-23,111
1010100004,孙河水厂,Jul-23,113
1010100004,孙河水厂,Jun-23,120
1010100004,孙河水厂,May-23,114
1010100004,孙河水厂,Apr-23,110
1010100004,孙河水厂,Mar-23,109
1010100004,孙河水厂,Feb-23,84
1010100004,孙河水厂,Jan-23,92
1010100004,孙河水厂,Dec-22,103
1010100004,孙河水厂,Nov-22,101
1010100004,孙河水厂,Oct-22,106
1010100004,孙河水厂,Sep-22,102
1010100004,孙河水厂,Aug-22,103
1010100004,孙河水厂,Jul-22,100
1010100004,孙河水厂,Jun-22,226
1010100004,孙河水厂,May-22,103
1010100004,孙河水厂,Apr-22,95
1010100004,孙河水厂,Mar-22,91
1010100004,孙河水厂,Feb-22,84
1010100004,孙河水厂,Jan-22,92
1010100004,孙河水厂,Dec-21,91
1010100004,孙河水厂,Nov-21,85
1010100004,孙河水厂,Oct-21,87
1010100004,孙河水厂,Sep-21,88
1010100004,孙河水厂,Aug-21,89
1010100004,孙河水厂,Jul-21,95
1010100004,孙河水厂,Jun-21,96
1010100004,孙河水厂,May-21,96
1010100004,孙河水厂,Apr-21,91
1010100004,孙河水厂,Mar-21,90
1010100004,孙河水厂,Feb-21,77
1010100004,孙河水厂,Jan-21,88
1010100004,孙河水厂,Dec-20,89
1010100004,孙河水厂,Nov-20,89
1010100004,孙河水厂,Oct-20,104
1010100004,孙河水厂,Sep-20,89
1010100004,孙河水厂,Aug-20,91
1010100004,孙河水厂,Jul-20,95
1010100004,孙河水厂,Jun-20,92
1010100004,孙河水厂,May-20,87
1010100004,孙河水厂,Apr-20,87
1010100004,孙河水厂,Mar-20,85
1010100004,孙河水厂,Feb-20,63
1010100004,孙河水厂,Jan-20,70
1010100004,孙河水厂,Dec-19,76
1010100004,孙河水厂,Nov-19,103
1010100004,孙河水厂,Oct-19,108
1010100004,孙河水厂,Sep-19,88
1010100004,孙河水厂,Aug-19,89
1010100004,孙河水厂,Jul-19,93
1010100004,孙河水厂,Jun-19,105
1010100004,孙河水厂,May-19,116
1010100004,孙河水厂,Apr-19,140
1010100004,孙河水厂,Mar-19,144
1010100004,孙河水厂,Feb-19,56
1010100004,孙河水厂,Jan-19,135
1010100004,孙河水厂,Dec-18,114
1010100004,孙河水厂,Nov-18,36
1010100004,孙河水厂,Jan-10,2
1010100004,孙河水厂,Sep-23,112
1010100005,郭公庄,May-19,1300.0000000000
1010100005,郭公庄,Apr-19,1273.0000000000
1010100005,郭公庄,Mar-19,1208.0000000000
1010100005,郭公庄,Feb-19,463
1010100005,郭公庄,Jan-19,1009.0000000000
1010100005,郭公庄,Dec-18,858
1010100005,郭公庄,Nov-18,272
1010100005,郭公庄,Jan-10,46
1010100005,郭公庄,Dec-22,1242.0000000000
1010100005,郭公庄,Nov-22,1325.0000000000
1010100005,郭公庄,Oct-22,1334.0000000000
1010100005,郭公庄,Sep-22,1238.0000000000
1010100005,郭公庄,Aug-22,1374.0000000000
1010100005,郭公庄,Jul-22,1374.0000000000
1010100005,郭公庄,Jun-22,1292.0000000000
1010100005,郭公庄,May-22,1318.0000000000
1010100005,郭公庄,Apr-22,1251.0000000000
1010100005,郭公庄,Mar-22,1229.0000000000
1010100005,郭公庄,Feb-22,1099.0000000000
1010100005,郭公庄,Jan-22,1236.0000000000
1010100005,郭公庄,Dec-21,1252.0000000000
1010100005,郭公庄,Nov-21,1258.0000000000
1010100005,郭公庄,Oct-21,1271.0000000000
1010100005,郭公庄,Sep-21,1262.0000000000
1010100005,郭公庄,Aug-21,1222.0000000000
1010100005,郭公庄,Jul-21,1323.0000000000
1010100005,郭公庄,Jun-21,1382.0000000000
1010100005,郭公庄,May-21,1368.0000000000
1010100005,郭公庄,Apr-21,1271.0000000000
1010100005,郭公庄,Mar-21,1323.0000000000
1010100005,郭公庄,Feb-21,1100.0000000000
1010100005,郭公庄,Jan-21,1283.0000000000
1010100005,郭公庄,Dec-20,1276.0000000000
1010100005,郭公庄,Nov-20,1237.0000000000
1010100005,郭公庄,Oct-20,1269.0000000000
1010100005,郭公庄,Sep-20,1199.0000000000
1010100005,郭公庄,Aug-20,1239.0000000000
1010100005,郭公庄,Jul-20,1259.0000000000
1010100005,郭公庄,Jun-20,1248.0000000000
1010100005,郭公庄,May-20,1291.0000000000
1010100005,郭公庄,Apr-20,1239.0000000000
1010100005,郭公庄,Mar-20,1283.0000000000
1010100005,郭公庄,Feb-20,1178.0000000000
1010100005,郭公庄,Jan-20,1228.0000000000
1010100005,郭公庄,Dec-19,1299.0000000000
1010100005,郭公庄,Nov-19,1346.0000000000
1010100005,郭公庄,Jul-19,1436.0000000000
1010100005,郭公庄,Aug-19,1442.0000000000
1010100005,郭公庄,Sep-19,1395.0000000000
1010100005,郭公庄,Oct-19,1338.0000000000
1010100005,郭公庄,Sep-23,1320.0000000000
1010100005,郭公庄,Aug-23,1214.0000000000
1010100005,郭公庄,Jul-23,1348.0000000000
1010100005,郭公庄,Jun-23,1320.0000000000
1010100005,郭公庄,May-23,1394.0000000000
1010100005,郭公庄,Apr-23,1320.0000000000
1010100005,郭公庄,Mar-23,1316.0000000000
1010100005,郭公庄,Feb-23,1094.0000000000
1010100005,郭公庄,Jan-23,1141.0000000000
1010100005,郭公庄,Jun-19,1291.0000000000
